{
  "final-edge-node.py": 1775920223.765216,
  "complete-edge-node.py": 1775913916.8890913,
  "simple-cloud-api.py": 1775911418.1214988,
  "complete-cloud-api.py": 1775920157.789606,
  "simple-edge-node.py": 1775911897.863562,
  "stable-cloud-api.py": 1775920140.3066978,
  "tests/test_shared.py": 1775906799.9595459,
  "tests/test_console.py": 1775907557.6392863,
  "tests/test_simulators.py": 1775896332.515712,
  "tests/run_all_tests.py": 1775896733.0457082,
  "tests/unit/test_database.py": 1775896761.8891275,
  "tests/unit/test_shared_modules.py": 1775896741.434535,
  "tests/unit/test_ssh_executor.py": 1775896544.7001252,
  "tests/integration/test_cloud_edge_integration.py": 1775896592.4176311,
  "tests/simulators/simple_ssh_server.py": 1775896152.8908463,
  "tests/simulators/ssh_host_simulator.py": 1775896114.1399329,
  "tests/scripts/system_health_check.py": 1775897084.3780866,
  "tests/scripts/task_dispatcher.py": 1775896246.4143023,
  "tests/scripts/deploy_edge_node.py": 1775896200.9348702,
  "tests/scripts/failure_scenarios.py": 1775896300.584545,
  "tests/performance/simple_perf_test.py": 1775897143.281802,
  "tests/performance/test_performance.py": 1775897120.9074426,
  "tests/e2e/test_final_e2e.py": 1775897047.0397692,
  "tests/e2e/test_complete_workflow.py": 1775896628.6972775,
  "shared/__init__.py": 1775894170.516004,
  "shared/protocol/__init__.py": 1775894901.0766008,
  "shared/protocol/messages.py": 1775898477.6949515,
  "shared/protocol/error_codes.py": 1775894967.1263545,
  "shared/schemas/enums.py": 1775894960.9105005,
  "shared/schemas/models.py": 1775907621.5713842,
  "shared/schemas/__init__.py": 1775894961.0425284,
  "edge/__init__.py": 1775894170.624313,
  "edge/runtime/__init__.py": 1775894170.6311862,
  "edge/runtime/core.py": 1775898445.6992183,
  "edge/storage/__init__.py": 1775895127.0067866,
  "edge/storage/storage.py": 1775907602.1090631,
  "edge/audit/audit.py": 1775907593.5425231,
  "edge/audit/__init__.py": 1775895344.8009021,
  "edge/executors/ssh_executor.py": 1775905838.5426605,
  "edge/executors/__init__.py": 1775894170.6472073,
  "edge/cloud/client.py": 1775898464.0784128,
  "edge/cloud/__init__.py": 1775895127.0290534,
  "cloud/__init__.py": 1775894170.5942523,
  "cloud/database/db.py": 1775905881.6384158,
  "cloud/database/sqlite_db.py": 1775906707.1215153,
  "cloud/database/__init__.py": 1775895532.5964308,
  "cloud/api/__init__.py": 1775894170.6045356,
  "cloud/api/main.py": 1775905948.5847578,
  "scripts/monitor.py": 1775902360.4043512,
  "console/static/js/app.js": 1775895667.6972287,
  "requirements.txt": 1775894072.5199308,
  "README.md": 1775923191.138264,
  "requirements-dev.txt": 1775894072.5317106,
  "CLAUDE.md": 1775892589.3299472,
  "VERSION-MANAGEMENT.md": 1775920190.359059,
  "docs/50-\u6545\u969c\u6f14\u7ec3\u4e0e\u9a8c\u6536\u6e05\u5355.md": 1775891310.2226942,
  "docs/15-\u56de\u6eda\u4e0e\u6545\u969c\u6062\u590d.md": 1775891310.223092,
  "docs/41-\u5b9e\u65bd\u91cc\u7a0b\u7891\u4e0e\u4ea4\u4ed8\u62c6\u5206.md": 1775891310.223488,
  "docs/14-\u6743\u9650\u6a21\u578b\u4e0e\u5ba1\u6279\u6d41.md": 1775891310.2237477,
  "docs/25-\u7528\u6237\u89d2\u8272\u4e0e\u4f7f\u7528\u573a\u666f.md": 1775891310.224145,
  "docs/ENVIRONMENT-BOUNDARIES.md": 1775909211.7371585,
  "docs/52-\u4ed3\u5e93\u521d\u59cb\u5316\u4e0e\u672c\u5730\u542f\u52a8.md": 1775891310.2245462,
  "docs/24-\u4ea7\u54c1\u9700\u6c42\u8bf4\u660e.md": 1775891310.2249649,
  "docs/05-\u4efb\u52a1\u7f16\u6392\u4e0e\u6267\u884c\u6a21\u578b.md": 1775891310.2252343,
  "docs/02-\u4e91\u7aef\u63a7\u5236\u5e73\u9762.md": 1775891310.225536,
  "docs/35-\u5546\u4e1a\u4ef7\u503c\u4e0e\u843d\u5730\u8303\u56f4.md": 1775891310.226037,
  "docs/17-\u4e91\u7aefAPI\u8bbe\u8ba1.md": 1775891310.2263865,
  "docs/70-\u5f00\u53d1\u524d\u7f6e\u6761\u4ef6\u4e0e\u542f\u52a8\u6e05\u5355.md": 1775892443.7618928,
  "docs/68-\u6280\u672f\u6808\u51b3\u7b56\u4e0eMVP\u8fb9\u754c.md": 1775891961.690996,
  "docs/03-\u8fb9\u7f18Hermes\u8282\u70b9.md": 1775891310.2266014,
  "docs/42-\u8fb9\u7f18\u8282\u70b9\u542f\u52a8\u6ce8\u518c\u6d41\u7a0b.md": 1775891310.226878,
  "docs/20-\u8bbe\u5907\u9a71\u52a8\u63d2\u4ef6\u89c4\u8303.md": 1775891310.22717,
  "docs/60-\u670d\u52a1\u63a5\u53e3\u4e0eOpenAPI\u6e05\u5355.md": 1775891310.2276983,
  "docs/56-\u6545\u969c\u5904\u7406Runbook.md": 1775891310.2284143,
  "docs/63-\u672c\u5730\u8c03\u8bd5\u4e0e\u6a21\u62df\u5668.md": 1775891310.2288575,
  "docs/36-\u4ee3\u7801\u4ed3\u5e93\u76ee\u5f55\u7ed3\u6784.md": 1775891310.2292504,
  "docs/37-\u670d\u52a1\u62c6\u5206\u4e0e\u63a5\u53e3\u5b9a\u4e49.md": 1775891310.2295172,
  "docs/40-\u4e91\u8fb9\u534f\u8bae\u7ec6\u8282.md": 1775891310.2297676,
  "docs/16-\u8fb9\u7f18\u8282\u70b9\u90e8\u7f72\u4e0e\u8fd0\u7ef4.md": 1775891310.230059,
  "docs/07-\u5b89\u5168\u4e0e\u5ba1\u8ba1.md": 1775891310.2302651,
  "docs/06-\u8bb0\u5fc6\u4e0e\u77e5\u8bc6\u4f53\u7cfb.md": 1775891952.3252776,
  "docs/32-\u63a7\u5236\u53f0\u9875\u9762\u539f\u578b\u8bf4\u660e.md": 1775891310.2308743,
  "docs/Hermes\u5206\u5e03\u5f0f\u8fb9\u7f18\u8bbe\u5907\u7ba1\u7406\u7cfb\u7edf.md": 1775923578.898742,
  "docs/19-Hermes Skills\u8bbe\u8ba1\u89c4\u8303.md": 1775891310.2315376,
  "docs/72-\u5f00\u5de5\u524d10\u6761\u6e05\u5355.md": 1775892589.0813415,
  "docs/26-\u63a7\u5236\u53f0\u4fe1\u606f\u67b6\u6784.md": 1775891310.2318268,
  "docs/27-\u544a\u8b66\u4e0e\u5de5\u5355\u8054\u52a8.md": 1775891310.2321427,
  "docs/13-\u8d44\u4ea7\u6a21\u578b\u4e0e\u6570\u636e\u5e93\u8bbe\u8ba1.md": 1775891310.2324376,
  "docs/22-\u4e8b\u4ef6\u6d41\u4e0e\u5ba1\u8ba1\u65e5\u5fd7\u683c\u5f0f.md": 1775891310.2334454,
  "docs/11-\u4e91\u8fb9\u901a\u4fe1\u4e0e\u6d88\u606f\u6a21\u578b.md": 1775891310.2337134,
  "docs/61-\u5f00\u53d1\u811a\u672c\u4e0eMakefile\u7ea6\u5b9a.md": 1775891310.2340071,
  "docs/39-\u8ba4\u8bc1\u4e0e\u5bc6\u94a5\u7ba1\u7406\u65b9\u6848.md": 1775891310.234329,
  "docs/45-\u6570\u636e\u5e93\u8fc1\u79fb\u4e0e\u521d\u59cb\u5316.md": 1775891310.2346103,
  "docs/10-\u8bbe\u5907\u534f\u8bae\u77e9\u9635.md": 1775891310.2348883,
  "docs/28-\u7ad9\u70b9\u8fd0\u8425\u6d41\u7a0b.md": 1775891310.235767,
  "docs/55-\u53d1\u5e03\u56de\u6eda\u4e0e\u9a8c\u6536\u6d41\u7a0b.md": 1775891310.2360024,
  "docs/53-\u4ee3\u7801\u89c4\u8303\u4e0e\u63d0\u4ea4\u89c4\u8303.md": 1775891310.2363176,
  "docs/OPERATIONS-MANUAL.md": 1775902318.729465,
  "docs/30-\u4ea4\u4e92\u6d41\u7a0b\u56fe\u6587\u5b57\u7248.md": 1775891310.2369277,
  "docs/64-\u603b\u7d22\u5f15\u4e0e\u63a8\u8350\u9605\u8bfb\u987a\u5e8f.md": 1775923578.8980162,
  "docs/69-\u672c\u673aHermes\u5f00\u53d1\u9694\u79bb\u65b9\u6848.md": 1775892244.391769,
  "docs/62-\u73af\u5883\u53d8\u91cf\u4e0e\u914d\u7f6e\u6587\u4ef6\u89c4\u8303.md": 1775891310.2379794,
  "docs/29-\u6838\u5fc3\u7528\u6237\u6545\u4e8b.md": 1775891310.2383068,
  "docs/43-\u4efb\u52a1\u72b6\u6001\u673a\u4e0e\u6b65\u9aa4\u72b6\u6001.md": 1775891310.238526,
  "docs/12-\u4efb\u52a1DSL\u4e0eJob\u6a21\u578b.md": 1775891310.2387924,
  "docs/23-\u5931\u8d25\u6ce8\u5165\u4e0e\u538b\u6d4b\u65b9\u6848.md": 1775891310.2390776,
  "docs/54-\u6d4b\u8bd5\u4e0e\u8054\u8c03\u89c4\u8303.md": 1775922880.6545348,
  "docs/34-\u8fd0\u7ef4\u65e5\u62a5\u4e0e\u5468\u62a5\u8bbe\u8ba1.md": 1775891310.2402956,
  "docs/01-\u603b\u4f53\u67b6\u6784.md": 1775891310.2405124,
  "docs/33-\u544a\u8b66\u95ed\u73af\u8bbe\u8ba1.md": 1775891310.240781,
  "docs/DEVELOPMENT-SERVER-DEPLOYMENT.md": 1775922857.8165739,
  "docs/09-MVP\u5f00\u53d1\u8def\u7ebf\u56fe.md": 1775891310.2413738,
  "docs/08-\u53ef\u89c2\u6d4b\u6027\u4e0e\u8fd0\u7ef4.md": 1775891310.2416317,
  "docs/04-\u8bbe\u5907\u9002\u914d\u5c42.md": 1775891310.2419033,
  "docs/59-\u4ed3\u5e93\u76ee\u5f55\u4e0e\u6a21\u5757\u8fb9\u754c.md": 1775891310.2426167,
  "docs/58-\u4ee3\u7801\u4ed3\u5e93\u843d\u5730\u7248\u603b\u89c8.md": 1775891310.2428784,
  "docs/31-\u6743\u9650\u89d2\u8272\u77e9\u9635.md": 1775891310.24323,